{
  "weights": [
    0.5048749667130612,
    0.061465837695548586,
    0.07787312619886595,
    -0.24789299711178547,
    0.7752955639618617,
    0.07759357738542642,
    0.02210390946502058,
    0.17914971107999453
  ],
  "featureNames": [
    "bias",
    "temp_norm",
    "humidity_norm",
    "windy",
    "outlook_sunny",
    "outlook_overcast",
    "outlook_rain",
    "outlook_snow"
  ],
  "accuracy": 0.691324200913242,
  "trainedOn": 1095,
  "target": "any of 7 players played that day",
  "hyperparams": {
    "epochs": 800,
    "lr": 0.05,
    "optimizer": "batch GD"
  }
}